review,sentiment
Battery lasts all day and I didn't face any issues,positive
bad experience overall,negative
Performance is average for this price 😐,neutral
Worth the price for the features offered but could be better,positive
Bad experience overall,negative
Sound quality is average overall,neutral
Overall a good product,positive
Really not satisfied with this product overall,negative
Not bad but not great either,neutral
"Performance is smooth for daily usage, quite satisfied",positive
Build feels cheap and fragile,negative
It's okay for basic usage 😐,neutral
"Performance is smooth for daily usage, quite satisfied 👍",positive
Build feels cheap and fragile,negative
not bad but not great either,neutral
Camera does a good job in daylight,positive
Really not satisfied with this product,negative
Not bad but not great either,neutral
Worth the price for the features offered,positive
Sound is very low and unclear but could be better,negative
Camera is decent in good lighting 👍,neutral
Sound quality is clear and decent,positive
"Honestly, performance is slow and sometimes hangs",negative
"Battery is okay, not too good 👍",neutral
build quality feels solid and durable,positive
bad experience overall,negative
"Honestly, it's okay for basic usage",neutral
Battery lasts all day and I didn't face any issues,positive
Bad experience overall 😐,negative
Display is fine but nothing special 😡,neutral
Pretty happy with this purchase 👍,positive
Battery drains quickly and it's annoying 👍,negative
display is fine but nothing special,neutral
Battery lasts all day and I didn't face any issues but could be better,positive
Bad experience overall 😐,negative
Not bad but not great either overall,neutral
Camera does a gud job in daylight,positive
Bad experience overall,negative
Mixed feelings about this product 😐,neutral
"performance is smooth for daily usage, quite satisfied",positive
"Display is not that great, looks dull",negative
It's okay for basic usage,neutral
Overall a good product overall,positive
Camera quality is disappointing 👍,negative
"battery is okay, not too good",neutral
Worth the price for the features offered,positive
Build feels cheap and fragile 👍,negative
"Battery is okay, not too good",neutral
Battery lasts all day and I didn't face any issues,positive
Performance is slow and sometimes hangs but could be better,negative
"Honestly, camera is decent in good lighting",neutral
Pretty happy with this purchase but could be better,positive
Performance is slow and sometimes hangs overall,negative
It's okay for basic usage but could be better,neutral
Camera does a good job in daylight,positive
Bad experience overall,negative
Mixed feelings about this product,neutral
Camera does a good job in daylight 👍,positive
Build feels cheap and fragile,negative
Not bad but not great either but could be better,neutral
"Honestly, build quality feels solid and durable",positive
"Display is not that great, looks dull 👍",negative
Mixed feelings about this product,neutral
Works well for my needs 😐,positive
Not worth the price honestly 😡,negative
Not bad but not great either,neutral
"Performance is smooth for daily usage, quite satisfied",positive
Facing issues after a few days,negative
Does the job but has some issues 😡,neutral
pretty happy with this purchase,positive
Not worth the price honestly overall,negative
"Honestly, battery is okay, not too good",neutral
Overall a good product 😐,positive
"Display is not that great, looks dull",negative
Sound quality is average,neutral
"Honestly, overall a good product",positive
Battery drains quickly and it's annoying 😐,negative
It's okay for basic usage,neutral
overall a good product,positive
Camera quality is disappointing 😐,negative
Display is fine but nothing special,neutral
Camera does a good job in daylight,positive
build feels cheap and fragile,negative
"Honestly, display is fine but nothing special",neutral
Battery lasts all day and I didn't face any issues,positive
Camera quality is disappointing 😡,negative
"Battery is okay, not too good 👍",neutral
"Performance is smooth for daily usage, quite satisfied but could be better",positive
Not worth the price honestly,negative
It's okay for basic usage,neutral
Pretty happy with this purchase,positive
Build feels cheap and fragile 😡,negative
Does the job but has some issues overall,neutral
Sound quality is clear and decent but could be better,positive
"Display is not that great, looks dull 👍",negative
It's okay for basic usage overall,neutral
Camera does a good job in daylight,positive
Bad experience overall,negative
Mixed feelings about this product,neutral
Worth the price for the features offered,positive
performance is slow and sometimes hangs,negative
Performance is average for this price,neutral
Pretty happy with this purchase,positive
Battery drains quickly and it's annoying,negative
"Battery is okay, not too good",neutral
Sound quality is clear and decent overall,positive
Camera quality is disappointing 👍,negative
Build quality is acceptable 👍,neutral
build quality feels solid and durable,positive
Sound is very low and unclear 👍,negative
Does the job but has some issues,neutral
"Performance is smooth for daily usage, quite satisfied",positive
Really not satisfied with this product 😐,negative
"Honestly, build quality is acceptable",neutral
Sound quality is clear and decent,positive
Bad experience overall but could be better,negative
"Honestly, sound quality is average",neutral
Works well for my needs,positive
"Honestly, bad experience overall",negative
Does the job but has some issues,neutral
Works well for my needs,positive
build feels cheap and fragile,negative
Performance is average for this price 👍,neutral
Overall a good product 👍,positive
sound is very low and unclear,negative
Performance is average for this price 😐,neutral
worth the price for the features offered,positive
Build feels cheap and fragile overall,negative
Sound quality is average overall,neutral
Works well for my needs,positive
Performance is slow and sometimes hangs,negative
Does the job but has some issues 👍,neutral
"Honestly, worth the price for the features offered",positive
"Honestly, bad experience overall",negative
Camera is decent in good lighting 😡,neutral
"Performance is smooth for daily usage, quite satisfied",positive
Performance is slow and sometimes hangs 👍,negative
"Honestly, does the job but has some issues",neutral
Sound quality is clear and decent 😐,positive
Sound is very low and unclear,negative
It's okay for basic usage 😡,neutral
"Honestly, pretty happy with this purchase",positive
Battery drains quickly and it's annoying 😡,negative
Camera is decent in good lighting 👍,neutral
overall a good product,positive
Not worth the price honestly,negative
Display is fine but nothing special but could be better,neutral
"Honestly, worth the price for the features offered",positive
Really not satisfied with this product 😐,negative
It's okay for basic usage,neutral
Pretty happy with this purchase overall,positive
Not worth the price honestly 😡,negative
Not bad but not great either but could be better,neutral
Build quality feels solid and durable,positive
"Honestly, camera quality is disappointing",negative
Performance is average for this price overall,neutral
Battery lasts all day and I didn't face any issues,positive
Really not satisfied with this product overall,negative
It's okay for basic usage,neutral
"performance is smooth for daily usage, quite satisfied",positive
Sound is very low and unclear,negative
It's okay for basic usage 😡,neutral
Build quality feels solid and durable,positive
Battery drains quickly and it's annoying,negative
Camera is decent in good lighting,neutral
Pretty happy with this purchase 👍,positive
Facing issues after a few days overall,negative
"Battery is okay, not too good overall",neutral
Camera does a good job in daylight,positive
Bad experience overall,negative
"Honestly, it's okay for basic usage",neutral
"Performance is smooth for daily usage, quite satisfied 😡",positive
Really not satisfied with this product 👍,negative
It's okay for basic usage overall,neutral
Battery lasts all day and I didn't face any issues,positive
Facing issues after a few days 😐,negative
"Battery is okay, not too good but could be better",neutral
battery lasts all day and i didn't face any issues,positive
"Display is not that great, looks dull",negative
Sound quality is average 👍,neutral
Overall a good product but could be better,positive
Facing issues after a few days,negative
Performance is average for this price,neutral
Sound quality is clear and decent,positive
Sound is very low and unclear overall,negative
Mixed feelings about this product 👍,neutral
"Honestly, camera does a good job in daylight",positive
really not satisfied with this product,negative
Not bad but not great either 😐,neutral
"Honestly, camera does a good job in daylight",positive
Battery drains quickly and it's annoying overall,negative
Not bad but not great either,neutral
"Performance is smooth for daily usage, quite satisfied 😐",positive
Bad experience overall but could be better,negative
Not bad but not great either,neutral
Sound quality is clear and decent 😐,positive
"Display is not that great, looks dull overall",negative
Performance is average for this price overall,neutral
build quality feels solid and durable,positive
Facing issues after a few days 😐,negative
"battery is okay, not too good",neutral
"Honestly, performance is smooth for daily usage, quite satisfied",positive
Facing issues after a few days but could be better,negative
"Battery is okay, not too good but could be better",neutral
Pretty happy with this purchase but could be better,positive
Build feels cheap and fragile 😡,negative
performance is average for this price,neutral
Overall a gud product,positive
"Honestly, build feels cheap and fragile",negative
Build quality is acceptable 😡,neutral
worth the price for the features offered,positive
"Display is not that great, looks dull overall",negative
"Honestly, it's okay for basic usage",neutral
Build quality feels solid and durable,positive
Battery drains quickly and it's annoying overall,negative
Build quality is acceptable but could be better,neutral
Sound quality is clear and decent 😡,positive
Facing issues after a few days overall,negative
Camera is decent in good lighting 😡,neutral
Pretty happy with this purchase overall,positive
Build feels cheap and fragile but could be better,negative
Does the job but has some issues but could be better,neutral
the display looks good and colors are nice,positive
"Display is not that great, looks dull but could be better",negative
Does the job but has some issues,neutral
Camera does a good job in daylight 👍,positive
Build feels cheap and fragile but could be better,negative
Sound quality is average,neutral
Camera does a good job in daylight,positive
Camera quality is disappointing overall,negative
It's okay for basic usage 👍,neutral
Battery lasts all day and I didn't face any issues overall,positive
Battery drains quickly and it's annoying,negative
Camera is decent in good lighting 😐,neutral
Pretty happy with this purchase 😐,positive
Battery drains quickly and it's annoying 😡,negative
Not bad but not great either 😐,neutral
Overall a good product but could be better,positive
Bad experience overall,negative
Not bad but not great either 😐,neutral
The display looks good and colors are nice,positive
Battery drains quickly and it's annoying 😡,negative
sound quality is average,neutral
Overall a good product 😡,positive
Performance is slow and sometimes hangs 👍,negative
Mixed feelings about this product 😡,neutral
overall a good product,positive
Camera quality is disappointing 😐,negative
Sound quality is average,neutral
"Performance is smooth for daily usage, quite satisfied",positive
Really not satisfied with this product overall,negative
Build quality is acceptable,neutral
Sound quality is clear and decent 😐,positive
"Honestly, really not satisfied with this product",negative
"Honestly, camera is decent in good lighting",neutral
battery lasts all day and i didn't face any issues,positive
"Honestly, display is not that great, looks dull",negative
Does the job but has some issues 😐,neutral
Sound quality is clear and decent 😐,positive
Facing issues after a few days 😐,negative
"Honestly, not bad but not great either",neutral
"Honestly, sound quality is clear and decent",positive
Facing issues after a few days 😐,negative
"Honestly, not bad but not great either",neutral
Build quality feels solid and durable 😐,positive
Really not satisfied with this product,negative
Display is fine but nothing special overall,neutral
Camera does a good job in daylight,positive
Not worth the price honestly 😐,negative
"Battery is okay, not too good 😐",neutral
Build quality feels solid and durable,positive
Camera quality is disappointing,negative
It's okay for basic usage but could be better,neutral
"Honestly, worth the price for the features offered",positive
Sound is very low and unclear overall,negative
Display is fine but nothing special,neutral
Camera does a good job in daylight 👍,positive
"Honestly, build feels cheap and fragile",negative
Build quality is acceptable 👍,neutral
"performance is smooth for daily usage, quite satisfied",positive
Build feels cheap and fragile 👍,negative
Camera is decent in good lighting 😐,neutral
Overall a gud product,positive
Really not satisfied with this product but could be better,negative
Camera is decent in good lighting,neutral
Battery lasts all day and I didn't face any issues but could be better,positive
Battery drains quickly and it's annoying,negative
"Honestly, camera is decent in good lighting",neutral
Overall a good product but could be better,positive
Really not satisfied with this product 😡,negative
"Honestly, does the job but has some issues",neutral
"Performance is smooth for daily usage, quite satisfied 😡",positive
Really not satisfied with this product overall,negative
Build quality is acceptable,neutral
Overall a good product 👍,positive
Battery drains quickly and it's annoying,negative
Mixed feelings about this product,neutral
"Performance is smooth for daily usage, quite satisfied",positive
Performance is slow and sometimes hangs,negative
Build quality is acceptable 👍,neutral
Overall a good product,positive
Sound is vry low and unclear,negative
Build quality is acceptable,neutral
The display looks good and colors are nice 👍,positive
"Honestly, build feels cheap and fragile",negative
"Battery is okay, not too good but could be better",neutral
Worth the price for the features offered 😐,positive
Bad experience overall,negative
Build quality is acceptable overall,neutral
Camera does a good job in daylight 😐,positive
"Display is not that great, looks dull",negative
Does the job but has some issues 👍,neutral
Works well for my needs but could be better,positive
Bad experience overall but could be better,negative
It's okay for basic usage 😡,neutral
Sound quality is clear and decent,positive
Facing issues after a few days but could be better,negative
Does the job but has some issues overall,neutral
Pretty happy with this purchase,positive
Not worth the price honestly,negative
"Battery is okay, not too good",neutral
"Honestly, sound quality is clear and decent",positive
Build feels cheap and fragile,negative
Camera is decent in gud lighting,neutral
Battery lasts all day and I didn't face any issues 😐,positive
Facing issues after a few days 😐,negative
Build quality is acceptable overall,neutral
"Honestly, works well for my needs",positive
Build feels cheap and fragile overall,negative
Does the job but has some issues but could be better,neutral
"Honestly, sound quality is clear and decent",positive
Bad experience overall,negative
Camera is decent in good lighting but could be better,neutral
Pretty happy with this purchase,positive
Build feels cheap and fragile 😐,negative
does the job but has some issues,neutral
works well for my needs,positive
Bad experience overall but could be better,negative
Sound quality is average,neutral
"Performance is smooth for daily usage, quite satisfied",positive
Really not satisfied with this product,negative
Does the job but has some issues,neutral
Worth the price for the features offered but could be better,positive
"Display is not that great, looks dull overall",negative
"Honestly, build quality is acceptable",neutral
Battery lasts all day and I didn't face any issues 👍,positive
Camera quality is disappointing 😡,negative
Mixed feelings about this product 😐,neutral
Sound quality is clear and decent,positive
Facing issues after a few days 👍,negative
"Battery is okay, not too good",neutral
Battery lasts all day and I didn't face any issues 😡,positive
Facing issues after a few days 👍,negative
Build quality is acceptable but could be better,neutral
Camera does a good job in daylight 👍,positive
"Display is not that great, looks dull 😐",negative
"Honestly, not bad but not great either",neutral
Sound quality is clear and decent 👍,positive
Performance is slow and sometimes hangs 😐,negative
Display is fine but nothing special 👍,neutral
Pretty happy with this purchase overall,positive
Bad experience overall,negative
Mixed feelings about this product overall,neutral
Overall a good product,positive
Performance is slow and sometimes hangs 😐,negative
Display is fine but nothing special 😐,neutral
Pretty happy with this purchase 😐,positive
Really not satisfied with this product but could be better,negative
"Honestly, battery is okay, not too good",neutral
Worth the price for the features offered,positive
"Display is not that great, looks dull",negative
build quality is acceptable,neutral
Sound quality is clear and decent 😡,positive
"Honestly, performance is slow and sometimes hangs",negative
Does the job but has some issues,neutral
pretty happy with this purchase,positive
Performance is slow and sometimes hangs,negative
"Battery is okay, not too good overall",neutral
Overall a good product 😡,positive
Not worth the price honestly 👍,negative
Not bad but not great either 😐,neutral
Build quality feels solid and durable,positive
Bad experience overall overall,negative
Camera is decent in good lighting 😐,neutral
Camera does a good job in daylight overall,positive
Sound is very low and unclear 😐,negative
"Battery is okay, not too good 😡",neutral
Sound quality is clear and decent 😡,positive
Bad experience overall 😐,negative
Camera is decent in good lighting 😐,neutral
Pretty happy with this purchase 😡,positive
Bad experience overall 😐,negative
It's okay for basic usage 😐,neutral
Build quality feels solid and durable but could be better,positive
Really not satisfied with this product overall,negative
Does the job but has some issues 😡,neutral
the display looks good and colors are nice,positive
"Honestly, bad experience overall",negative
Build quality is acceptable 😡,neutral
Pretty happy with this purchase 😐,positive
Facing issues after a few days 👍,negative
build quality is acceptable,neutral
Sound quality is clear and decent,positive
"Display is not that great, looks dull",negative
"Battery is okay, not too good but could be better",neutral
Sound quality is clear and decent,positive
Build feels cheap and fragile 😡,negative
Not bad but not great either but could be better,neutral
Sound quality is clear and decent,positive
Really not satisfied with this product 👍,negative
It's okay for basic usage,neutral
Overall a good product 👍,positive
Really not satisfied with this product 😐,negative
Build quality is acceptable but could be better,neutral
Camera does a good job in daylight 😐,positive
bad experience overall,negative
"Honestly, it's okay for basic usage",neutral
Works well for my needs 👍,positive
Sound is vry low and unclear,negative
"Battery is okay, not too good 😡",neutral
sound quality is clear and decent,positive
Camera quality is disappointing,negative
"Battery is okay, not too good 😡",neutral
"Honestly, battery lasts all day and i didn't face any issues",positive
not worth the price honestly,negative
"Battery is okay, not too good overall",neutral
Battery lasts all day and I didn't face any issues,positive
"Honestly, build feels cheap and fragile",negative
Camera is decent in good lighting,neutral
Works well for my needs but could be better,positive
Really not satisfied with this product 😐,negative
Performance is average for this price overall,neutral
Build quality feels solid and durable but could be better,positive
Performance is slow and sometimes hangs but could be better,negative
Build quality is acceptable 😡,neutral
Pretty happy with this purchase 👍,positive
Bad experience overall,negative
Display is fine but nothing special 😡,neutral
Build quality feels solid and durable overall,positive
Not worth the price honestly but could be better,negative
"Honestly, performance is average for this price",neutral
Sound quality is clear and decent but could be better,positive
"Honestly, sound is very low and unclear",negative
Does the job but has some issues overall,neutral
Pretty happy with this purchase 😐,positive
Performance is slow and sometimes hangs 😐,negative
"Honestly, display is fine but nothing special",neutral
Build quality feels solid and durable,positive
Bad experience overall 😐,negative
Not bad but not great either overall,neutral
Battery lasts all day and I didn't face any issues 😡,positive
Bad experience overall but could be better,negative
not bad but not great either,neutral
"Honestly, overall a good product",positive
sound is very low and unclear,negative
It's okay for basic usage 😡,neutral
Battery lasts all day and I didn't face any issues,positive
Battery drains quickly and it's annoying 👍,negative
Not bad but not great either 😐,neutral
the display looks good and colors are nice,positive
"Display is not that great, looks dull",negative
Mixed feelings about this product but could be better,neutral
"Honestly, sound quality is clear and decent",positive
Sound is very low and unclear,negative
Build quality is acceptable overall,neutral
camera does a good job in daylight,positive
Really not satisfied with this product but could be better,negative
Performance is average for this price,neutral
The display looks gud and colors are nice,positive
Battery drains quickly and it's annoying overall,negative
Sound quality is average 😐,neutral
build quality feels solid and durable,positive
really not satisfied with this product,negative
Performance is average for this price overall,neutral
Camera does a good job in daylight 😡,positive
Camera quality is disappointing,negative
Camera is decent in good lighting 😡,neutral
Battery lasts all day and I didn't face any issues 😡,positive
Bad experience overall 😡,negative
Camera is decent in gud lighting,neutral
The display looks good and colors are nice,positive
"Honestly, display is not that great, looks dull",negative
Not bad but not great either but could be better,neutral
Battery lasts all day and I didn't face any issues,positive
"Honestly, facing issues after a few days",negative
Camera is decent in good lighting 👍,neutral
"Performance is smooth for daily usage, quite satisfied",positive
Really not satisfied with this product 😡,negative
not bad but not great either,neutral
"Honestly, works well for my needs",positive
Build feels cheap and fragile 😐,negative
"Honestly, does the job but has some issues",neutral
Camera does a good job in daylight 😐,positive
Sound is very low and unclear,negative
"Honestly, sound quality is average",neutral
Overall a good product,positive
Really not satisfied with this product,negative
Display is fine but nothing special,neutral
Pretty happy with this purchase 👍,positive
"Honestly, not worth the price honestly",negative
Build quality is acceptable 😡,neutral
pretty happy with this purchase,positive
Really not satisfied with this product,negative
Performance is average for this price 😡,neutral
Build quality feels solid and durable but could be better,positive
Facing issues after a few days,negative
Not bad but not great either 👍,neutral
camera does a good job in daylight,positive
Really not satisfied with this product overall,negative
Mixed feelings about this product,neutral
the display looks good and colors are nice,positive
Camera quality is disappointing,negative
Sound quality is average overall,neutral
Pretty happy with this purchase but could be better,positive
"Honestly, camera quality is disappointing",negative
Not bad but not great either overall,neutral
Sound quality is clear and decent,positive
build feels cheap and fragile,negative
Display is fine but nothing special 👍,neutral
The display looks good and colors are nice but could be better,positive
Camera quality is disappointing 😐,negative
Does the job but has some issues 😡,neutral
Works well for my needs overall,positive
Battery drains quickly and it's annoying,negative
Sound quality is average overall,neutral
Build quality feels solid and durable 👍,positive
Facing issues after a few days but could be better,negative
Not bad but not great either,neutral
Sound quality is clear and decent 😐,positive
camera quality is disappointing,negative
performance is average for this price,neutral
Battery lasts all day and I didn't face any issues 😡,positive
Really not satisfied with this product 👍,negative
Build quality is acceptable 👍,neutral
Camera does a good job in daylight,positive
Battery drains quickly and it's annoying 😐,negative
"Honestly, camera is decent in good lighting",neutral
Works well for my needs,positive
"Honestly, battery drains quickly and it's annoying",negative
Does the job but has some issues but could be better,neutral
Worth the price for the features offered 😐,positive
"Display is not that great, looks dull 😡",negative
Mixed feelings about this product 😡,neutral
Works well for my needs overall,positive
Camera quality is disappointing but could be better,negative
"Battery is okay, not too good 👍",neutral
Battery lasts all day and I didn't face any issues,positive
Bad experience overall 😡,negative
Display is fine but nothing special 😐,neutral
The display looks good and colors are nice 😡,positive
Really not satisfied with this product 👍,negative
It's okay for basic usage,neutral
Sound quality is clear and decent but could be better,positive
Facing issues after a few days 😡,negative
Does the job but has some issues overall,neutral
Sound quality is clear and decent overall,positive
Camera quality is disappointing but could be better,negative
"Battery is okay, not too good",neutral
camera does a good job in daylight,positive
"display is not that great, looks dull",negative
Display is fine but nothing special but could be better,neutral
"Performance is smooth for daily usage, quite satisfied 😡",positive
Bad experience overall,negative
It's okay for basic usage,neutral
camera does a good job in daylight,positive
Really not satisfied with this product 😡,negative
"Battery is okay, not too good but could be better",neutral
Camera does a gud job in daylight,positive
Sound is vry low and unclear,negative
"Honestly, does the job but has some issues",neutral
Works well for my needs overall,positive
Battery drains quickly and it's annoying overall,negative
Build quality is acceptable,neutral
Pretty happy with this purchase overall,positive
Not worth the price honestly,negative
Does the job but has some issues,neutral
Pretty happy with this purchase,positive
not worth the price honestly,negative
Not bad but not great either overall,neutral
Worth the price for the features offered overall,positive
Build feels cheap and fragile,negative
Sound quality is average,neutral
Pretty happy with this purchase but could be better,positive
Camera quality is disappointing,negative
"Battery is okay, not too good",neutral
Pretty happy with this purchase,positive
Facing issues after a few days 👍,negative
Sound quality is average,neutral
Sound quality is clear and decent 😐,positive
"Honestly, battery drains quickly and it's annoying",negative
Mixed feelings about this product overall,neutral
Sound quality is clear and decent 👍,positive
Bad experience overall 😐,negative
Does the job but has some issues overall,neutral
Worth the price for the features offered,positive
Camera quality is disappointing overall,negative
It's okay for basic usage but could be better,neutral
"Performance is smooth for daily usage, quite satisfied 😡",positive
Facing issues after a few days,negative
Does the job but has some issues,neutral
"Not bad at all",positive
"Could be worse",neutral
"I expected better",negative
"Actually works fine",neutral
"Surprisingly good",positive
"Worst... just wow",negative
"Okayish but usable",neutral
"Doesn't disappoint",positive
"Not worth it",negative
"Not bad at all",positive
"Could be worse",neutral
"I expected better",negative
"Actually works fine",neutral
"Surprisingly good",positive
"Worst... just wow",negative
"Okayish but usable",neutral
"Doesn't disappoint",positive
"Not worth it",negative
"Not good but manageable",neutral
"Pretty decent honestly",neutral
"Kind of disappointing but usable",neutral
"Better than expected",positive
"Looks good but fails sometimes",neutral
"I absolutely love this product, it works perfectly",positive
"The quality is excellent and I am very happy with my purchase",positive
"Great product, I would definitely recommend it",positive
"Very good quality and fast delivery",positive
"I am extremely satisfied with this purchase",positive
"The product is amazing and works better than expected",positive
"Excellent value for money",positive
"Really happy with the quality of this item",positive
"Fantastic product, I will buy it again",positive
"Everything works perfectly and looks great",positive
"The product is okay, nothing special",neutral
"It works as expected",neutral
"The quality is average",neutral
"I received the product today",neutral
"It is neither good nor bad",neutral
"The product is acceptable for the price",neutral
"Delivery was normal and the packaging was fine",neutral
"I have mixed feelings about this product",neutral
"It does what it is supposed to do",neutral
"The product is decent but could be better",neutral
"I hate this product, it is terrible",negative
"Very poor quality and stopped working quickly",negative
"I am extremely disappointed with this purchase",negative
"The product is broken and cannot be used",negative
"Terrible product, I would not recommend it",negative
"The quality is very bad",negative
"Waste of money, completely useless",negative
"The product arrived damaged",negative
"Very unhappy with my purchase",negative
"This product does not work properly",negative
"The item broke after only a few days",negative
"I regret buying this product",negative
"Bad quality and poor performance",negative
"The product is disappointing",negative
"I expected much better quality",negative
"The delivery was late and the product was damaged",negative
"Not worth the price at all",negative
"I cannot use this product",negative
"Really bad experience with this purchase",negative
"Do not buy this product",negative
"Not bad at all",positive
"Not good, very disappointing",negative
"I don't hate it",neutral
"I don't love it",neutral
"Never buying this again",negative
"I love this product!",positive
"I hate this product!",negative
"Good quality but terrible packaging",negative
"Great performance but average design",neutral
"Wow great, another product that stopped working",negative
"Yeah right, this is supposed to be good?",negative
"🔥 Amazing quality!",positive
"😍 I absolutely love it",positive
"😡 Completely useless",negative
"😢 Very disappointed",negative
"👍 Works perfectly",positive
"👎 Poor quality",negative
"I absolutely love this product, it works perfectly",positive
"The quality is excellent and I am very happy with my purchase",positive
"Great product, I would definitely recommend it",positive
"Very good quality and fast delivery",positive
"I am extremely satisfied with this purchase",positive
"The product is amazing and works better than expected",positive
"Excellent value for money",positive
"Really happy with the quality of this item",positive
"Fantastic product, I will buy it again",positive
"Everything works perfectly and looks great",positive
"The product is okay, nothing special",neutral
"It works as expected",neutral
"The quality is average",neutral
"I received the product today",neutral
"It is neither good nor bad",neutral
"The product is acceptable for the price",neutral
"Delivery was normal and the packaging was fine",neutral
"I have mixed feelings about this product",neutral
"It does what it is supposed to do",neutral
"The product is decent but could be better",neutral
"I hate this product, it is terrible",negative
"Very poor quality and stopped working quickly",negative
"I am extremely disappointed with this purchase",negative
"The product is broken and cannot be used",negative
"Terrible product, I would not recommend it",negative
"The quality is very bad",negative
"Waste of money, completely useless",negative
"The product arrived damaged",negative
"Very unhappy with my purchase",negative
"This product does not work properly",negative
"The item broke after only a few days",negative
"I regret buying this product",negative
"Bad quality and poor performance",negative
"The product is disappointing",negative
"I expected much better quality",negative
"The delivery was late and the product was damaged",negative
"Not worth the price at all",negative
"I cannot use this product",negative
"Really bad experience with this purchase",negative
"Do not buy this product",negative
"Not bad at all",positive
"Not good, very disappointing",negative
"I don't hate it",neutral
"I don't love it",neutral
"Never buying this again",negative
"I love this product!",positive
"I hate this product!",negative
"Good quality but terrible packaging",negative
"Great performance but average design",neutral
"Wow great, another product that stopped working",negative
"Yeah right, this is supposed to be good?",negative
"🔥 Amazing quality!",positive
"😍 I absolutely love it",positive
"😡 Completely useless",negative
"😢 Very disappointed",negative
"👍 Works perfectly",positive
"👎 Poor quality",negative
"I am extremely satisfied with this product.",positive
"The product works exactly as described.",positive
"I am very happy with the quality.",positive
"This is one of the best products I have purchased.",positive
"The product works perfectly and is easy to use.",positive
"I would definitely recommend this product to others.",positive
"The quality is excellent for the price.",positive
"I had a wonderful experience with this product.",positive
"The product exceeded my expectations.",positive
"I am impressed with the performance and quality.",positive
"Everything about this product is excellent.",positive
"The product arrived in perfect condition.",positive
"I am very pleased with my purchase.",positive
"This product offers excellent value for money.",positive
"The design is attractive and the performance is impressive.",positive
"I have been using this product for several weeks and I am very happy with it.",positive
"The product is reliable, durable, and easy to operate.",positive
"I would happily purchase this product again.",positive
"The quality is much better than I expected.",positive
"This was a great purchase and I am completely satisfied.",positive
"The product is simple to operate and delivers excellent results.",positive
"I really like the design and performance of this product.",positive
"The product has been dependable and easy to maintain.",positive
"I am happy with both the quality and performance.",positive
"This product has worked perfectly since I received it.",positive
"The performance is impressive and the product feels well designed.",positive
"I would gladly recommend this product to friends and family.",positive
"The product is convenient, effective, and easy to use.",positive
"I am delighted with this purchase.",positive
"The product performs reliably and looks great.",positive
"I received exactly what I ordered and it works very well.",positive
"This product is a great combination of quality and affordability.",positive
"I am extremely pleased with how well this product works.",positive
"The product is sturdy, efficient, and worth the price.",positive
"I have been using it regularly and remain very satisfied.",positive
"The product is better than similar products I have tried.",positive
"This is a dependable product that I would purchase again.",positive
"The results have been excellent and I am very pleased.",positive
"The product is well designed and performs its purpose perfectly.",positive
"I am very satisfied with the overall experience.",positive
"The product is reliable and performs consistently.",positive
"I am impressed by how easy this product is to use.",positive
"The product looks professional and works extremely well.",positive
"This purchase was definitely worth the money.",positive
"I am pleased with the quality of the materials.",positive
"The product has performed better than I expected.",positive
"I would recommend this product without hesitation.",positive
"The product is efficient and saves me a lot of time.",positive
"I have had no problems with this product so far.",positive
"The product feels strong and well made.",positive
"I am very satisfied with its performance.",positive
"The product is practical and works exactly as needed.",positive
"I really appreciate the quality of this product.",positive
"This product has been a great addition to my daily routine.",positive
"The performance is excellent even after regular use.",positive
"I am happy that I decided to purchase this product.",positive
"The product is easy to operate and produces excellent results.",positive
"This is a high-quality product that I would recommend.",positive
"I have been very impressed with this purchase.",positive
"The product arrived quickly and was in excellent condition.",positive
"The build quality is excellent and feels durable.",positive
"I am completely satisfied with the product.",positive
"The product performs consistently and reliably.",positive
"I would definitely purchase this product again.",positive
"This product provides excellent performance for its price.",positive
"I am very pleased with the design and functionality.",positive
"The product has been working flawlessly.",positive
"I could not be happier with this purchase.",positive
"The quality is impressive and the product is easy to use.",positive
"This product is exactly what I needed.",positive
"I am satisfied with every aspect of this product.",positive
"The product is well worth the money.",positive
"I have recommended this product to several people.",positive
"The product is convenient and performs very well.",positive
"I am impressed by the overall quality.",positive
"This has been a very good purchase.",positive
"The product is durable and has excellent performance.",positive
"I am pleased with how smoothly everything works.",positive
"The product is effective and reliable.",positive
"I would happily recommend this to anyone.",positive
"The product has made my work much easier.",positive
"I am very impressed with the results.",positive
"The quality is outstanding and the design is attractive.",positive
"This product has been reliable from the beginning.",positive
"I am happy with the purchase and would buy it again.",positive
"The product is easy to understand and operate.",positive
"The performance is better than I expected.",positive
"This product offers great quality at a reasonable price.",positive
"I am very pleased with its durability.",positive
"The product works smoothly without any issues.",positive
"I am glad I chose this product.",positive
"The overall quality is excellent.",positive
"This product has exceeded my expectations in every way.",positive
"I would strongly recommend this product.",positive
"The product is comfortable, practical, and reliable.",positive
"I am very happy with the results.",positive
"The product performs exactly as promised.",positive
"I have had a very positive experience with this purchase.",positive
"The product is well built and works efficiently.",positive
"I am completely satisfied with the quality.",positive
"This is a reliable product that I would buy again.",positive
"The product is excellent and worth every penny.",positive
"I am very pleased with my decision to purchase it.",positive
"I am extremely disappointed with this product.",negative
"The product stopped working after only a few days.",negative
"The quality is very poor and does not justify the price.",negative
"This product does not work as advertised.",negative
"I regret purchasing this product.",negative
"The product arrived damaged and could not be used properly.",negative
"I expected much better quality for the price.",negative
"The performance is terrible and unreliable.",negative
"This was a complete waste of money.",negative
"I am very unhappy with my purchase.",negative
"The product is difficult to use and poorly designed.",negative
"The item broke shortly after I started using it.",negative
"The quality is disappointing and feels very cheap.",negative
"I had a very bad experience with this product.",negative
"The product frequently stops working without warning.",negative
"This product is not worth the money.",negative
"I cannot use this product because it does not function properly.",negative
"The packaging was damaged and the product was defective.",negative
"I would never purchase this product again.",negative
"The product performs poorly and has several problems.",negative
"The build quality is weak and the product feels unreliable.",negative
"I am frustrated with how poorly this product works.",negative
"The product failed to meet my expectations.",negative
"The actual performance is much worse than advertised.",negative
"The product looks good, but the performance is terrible.",negative
"The product is inconvenient and difficult to operate.",negative
"I am disappointed with the quality and overall performance.",negative
"The product became unusable after a short period.",negative
"The price is far too high for such poor quality.",negative
"The product has many flaws and needs significant improvement.",negative
"I would not recommend this product because it is unreliable.",negative
"The product does not provide the performance promised by the seller.",negative
"The item arrived with defects and was not usable.",negative
"I am unhappy with this purchase and would like a refund.",negative
"The product feels poorly made and does not last.",negative
"The performance is inconsistent and frustrating.",negative
"This product was a poor purchase and did not meet my needs.",negative
"The quality is disappointing, especially considering the price.",negative
"The product is slow, unreliable, and difficult to use.",negative
"I am not satisfied with this product at all.",negative
"The product failed shortly after delivery.",negative
"The product is poorly constructed and feels fragile.",negative
"I was disappointed as soon as I started using it.",negative
"The product does not work properly.",negative
"This is one of the worst products I have purchased.",negative
"The quality is far below what I expected.",negative
"The product has caused more problems than it solved.",negative
"I would not recommend spending money on this product.",negative
"The product is unreliable and frequently stops working.",negative
"I am extremely unhappy with the overall quality.",negative
"The product arrived late and was damaged.",negative
"The design is poor and makes the product difficult to use.",negative
"The product does not perform consistently.",negative
"I expected a much better product for this price.",negative
"The item feels cheap and poorly manufactured.",negative
"I am disappointed with the results.",negative
"The product is frustrating to use.",negative
"The product failed after very little use.",negative
"I regret spending money on this item.",negative
"The performance is much worse than expected.",negative
"This product has several serious problems.",negative
"The quality does not match the description.",negative
"The product is difficult to operate and unreliable.",negative
"I received a defective product.",negative
"The product is not useful because it keeps malfunctioning.",negative
"I am very disappointed with this purchase.",negative
"The product did not meet even my basic expectations.",negative
"The materials feel cheap and low quality.",negative
"This product is a poor choice for the price.",negative
"I have experienced several problems with this product.",negative
"The product stopped functioning without any explanation.",negative
"The overall experience has been disappointing.",negative
"I would not buy this product again.",negative
"The product is poorly designed and inefficient.",negative
"The quality is unacceptable for the price.",negative
"The product has not performed reliably.",negative
"I am unhappy with both the design and performance.",negative
"This purchase was a mistake.",negative
"The product is much less useful than I expected.",negative
"The item arrived in poor condition.",negative
"The product is disappointing and difficult to use.",negative
"I cannot recommend this product to anyone.",negative
"The performance has been consistently poor.",negative
"The product does not justify its high price.",negative
"I am frustrated by the constant problems.",negative
"The product broke before I had a chance to use it properly.",negative
"The quality is extremely disappointing.",negative
"This product has been a complete failure.",negative
"I received a product that does not work.",negative
"The product is unreliable and poorly made.",negative
"I am dissatisfied with the purchase.",negative
"The product does not match the advertised quality.",negative
"The performance is weak and inconsistent.",negative
"I expected more and received much less.",negative
"The product is not suitable for regular use.",negative
"I had nothing but problems with this product.",negative
"The product is overpriced and poorly made.",negative
"I would strongly advise against buying this product.",negative
"The item is defective and needs to be replaced.",negative
"This product has been a very disappointing purchase.",negative
"The product works as expected.",neutral
"The quality is average for the price.",neutral
"The product is acceptable but nothing special.",neutral
"I received the product yesterday and have only used it once.",neutral
"The design is simple and functional.",neutral
"The product performs its basic functions.",neutral
"I have mixed feelings about this product.",neutral
"The product is neither particularly good nor particularly bad.",neutral
"The quality is reasonable considering the price.",neutral
"It works, although there are some areas that could be improved.",neutral
"The product looks fine and performs adequately.",neutral
"I think this product is suitable for basic use.",neutral
"The features are useful, but they are fairly standard.",neutral
"The product is decent, but I expected a little more.",neutral
"The performance is satisfactory for everyday use.",neutral
"The product arrived on time and was properly packaged.",neutral
"I have used the product for a short time, and so far it is acceptable.",neutral
"The design is practical, although it is not particularly impressive.",neutral
"The product does what it is supposed to do.",neutral
"Overall, the product is satisfactory.",neutral
"The product is fine for occasional use.",neutral
"There are some useful features, but nothing particularly unusual.",neutral
"The product meets my basic requirements.",neutral
"The performance is adequate for the price.",neutral
"I have not noticed any major problems so far.",neutral
"The product is fairly simple and straightforward.",neutral
"It is an average product with both strengths and weaknesses.",neutral
"The product is usable, but there is room for improvement.",neutral
"The quality is acceptable, although it could be better.",neutral
"The product arrived as expected and appears to be functional.",neutral
"I am neither impressed nor disappointed with this product.",neutral
"The product works, but it does not offer anything exceptional.",neutral
"The design is ordinary and the performance is reasonable.",neutral
"The product is suitable for basic everyday tasks.",neutral
"The overall experience has been fairly average.",neutral
"The product is functional, although some features could be improved.",neutral
"It performs reasonably well under normal conditions.",neutral
"The product is okay for the price.",neutral
"I think the product is acceptable for its intended purpose.",neutral
"The product has performed normally since I received it.",neutral
"The quality and performance are both average.",neutral
"The product is suitable for simple tasks.",neutral
"The product provides reasonable performance.",neutral
"I have used it several times and it works normally.",neutral
"The product is neither impressive nor disappointing.",neutral
"The design is basic but practical.",neutral
"The product meets most of my basic needs.",neutral
"The performance is normal for a product in this price range.",neutral
"The product is acceptable for everyday use.",neutral
"I have not found anything particularly unusual about it.",neutral
"The product has some useful features and some limitations.",neutral
"The quality is about what I expected.",neutral
"The product performs adequately under normal conditions.",neutral
"It is a fairly standard product.",neutral
"The product is functional but could use some improvements.",neutral
"The overall quality is reasonable.",neutral
"The product is fine for its intended purpose.",neutral
"The performance is neither excellent nor poor.",neutral
"The product arrived safely and appears to work.",neutral
"I have only had the product for a short time.",neutral
"The product is simple and does its basic job.",neutral
"The features are fairly ordinary.",neutral
"The product is reasonably easy to use.",neutral
"The quality is acceptable for occasional use.",neutral
"I have not experienced any major issues with the product.",neutral
"The product is okay, although it could be improved.",neutral
"The performance is satisfactory but not outstanding.",neutral
"The product has worked normally so far.",neutral
"The design is practical but not particularly attractive.",neutral
"The product is average in terms of quality.",neutral
"It does what I need it to do.",neutral
"The product is reasonably priced for what it offers.",neutral
"The overall experience has been normal.",neutral
"The product has both positive and negative aspects.",neutral
"The product is suitable for someone with basic requirements.",neutral
"The performance is acceptable but could be better.",neutral
"The product arrived in good condition.",neutral
"The product is neither too complicated nor too simple.",neutral
"The quality seems reasonable after initial use.",neutral
"The product works well enough for basic tasks.",neutral
"The design is functional and straightforward.",neutral
"The product is adequate for the price.",neutral
"I have no strong opinion about this product yet.",neutral
"The product has performed as expected so far.",neutral
"The quality is neither excellent nor poor.",neutral
"The product is fairly ordinary overall.",neutral
"The features work as intended.",neutral
"The product is usable without major difficulty.",neutral
"The performance is acceptable for normal use.",neutral
"The product seems suitable for its intended purpose.",neutral
"I have used the product for a few days and it seems fine.",neutral
"The product is decent but not exceptional.",neutral
"The quality is reasonable but could be improved.",neutral
"The product provides basic functionality.",neutral
"The overall performance is average.",neutral
"The product is fine for simple everyday use.",neutral
"I have not encountered any serious problems.",neutral
"The product works adequately for my needs.",neutral
"The design is simple and practical.",neutral
"The product is acceptable but does not stand out.",neutral
"The performance is fairly consistent.",neutral
"Overall, the product is neither particularly good nor bad.",neutral
"The product is exceptionally well made and performs beautifully.",positive
"I am genuinely impressed by the quality of this product.",positive
"This purchase turned out to be better than I anticipated.",positive
"The product is dependable and has worked without any problems.",positive
"I am very pleased with the results I have received.",positive
"The product is comfortable to use and performs efficiently.",positive
"I appreciate how simple and reliable this product is.",positive
"The overall experience has been excellent from start to finish.",positive
"This product has proven to be a worthwhile investment.",positive
"I am impressed with how durable the product feels.",positive
"The product is efficient and delivers consistent results.",positive
"I am extremely happy with the performance.",positive
"The quality of the product is impressive.",positive
"This product is exactly as good as I hoped it would be.",positive
"I would confidently recommend this product to others.",positive
"The product is easy to use and produces great results.",positive
"I have been very satisfied with this product so far.",positive
"The product has performed exceptionally well.",positive
"I am pleased with how well the product has held up.",positive
"This is a high-quality product that performs reliably.",positive
"The product is practical and has made things much easier.",positive
"I am very happy with the overall design.",positive
"The product is sturdy and feels built to last.",positive
"I have experienced excellent performance from this product.",positive
"This product is a great choice for everyday use.",positive
"I am impressed by its reliability and ease of use.",positive
"The product delivers exactly what I was looking for.",positive
"I am very satisfied with the quality of the materials.",positive
"This product is convenient and performs exceptionally well.",positive
"I would gladly recommend this product to anyone.",positive
"The product has been excellent in every important aspect.",positive
"I am pleased with how quickly and efficiently it works.",positive
"The product is dependable even with frequent use.",positive
"This was an excellent purchase and I have no regrets.",positive
"I really appreciate the attention to detail in this product.",positive
"The product has been working perfectly since day one.",positive
"I am impressed with the value this product provides.",positive
"The product is better than I expected in terms of performance.",positive
"I am very satisfied with its durability.",positive
"The product is easy to handle and works efficiently.",positive
"This is a reliable and well-designed product.",positive
"I have had an excellent experience using this product.",positive
"The product is worth the price because of its quality.",positive
"I am happy with how well the product meets my needs.",positive
"The product has performed consistently without any issues.",positive
"I would definitely recommend this product to my family.",positive
"The quality is excellent and the product feels durable.",positive
"I am pleased with the results after regular use.",positive
"This product has been a very useful addition to my home.",positive
"I am very satisfied with both the design and performance.",positive
"The product works smoothly and efficiently.",positive
"I am glad that I chose this particular product.",positive
"The product is reliable enough for everyday use.",positive
"I am impressed by the overall value of this purchase.",positive
"The product is easy to operate and very effective.",positive
"I have been pleasantly surprised by the quality.",positive
"This product has performed better than several alternatives I tried.",positive
"I am extremely pleased with its functionality.",positive
"The product is sturdy, attractive, and practical.",positive
"I would happily recommend this product without hesitation.",positive
"The product is performing exactly as I hoped.",positive
"I am satisfied with every feature I have used.",positive
"This purchase has been a very positive experience.",positive
"The product is efficient and saves me considerable time.",positive
"I am very happy with how dependable this product is.",positive
"The product has excellent build quality.",positive
"I have found this product extremely useful.",positive
"The product works reliably every time I use it.",positive
"I am pleased with the quality and attention to detail.",positive
"This product is an excellent option for the price.",positive
"I have no hesitation in recommending this product.",positive
"The product feels premium and performs very well.",positive
"I am happy with how easy it is to maintain.",positive
"The product has exceeded my expectations for durability.",positive
"I am very pleased with its overall performance.",positive
"This is a product I would happily purchase again.",positive
"The product is effective and delivers excellent results.",positive
"I am impressed by how well everything works.",positive
"The product has made my daily tasks more convenient.",positive
"I am satisfied with the product after extensive use.",positive
"The product continues to work as well as it did initially.",positive
"I think this product offers excellent quality.",positive
"The product is reliable, practical, and easy to operate.",positive
"I am delighted with the purchase and its performance.",positive
"The product is exactly what I needed for my daily use.",positive
"I have been very impressed with the overall experience.",positive
"The product provides excellent performance at a reasonable price.",positive
"I am happy to have found such a reliable product.",positive
"The product is strong and performs consistently.",positive
"I would recommend this product based on my experience.",positive
"The product has been dependable from the beginning.",positive
"I am extremely pleased with the results.",positive
"The product is well designed and very convenient.",positive
"I have had no reason to complain about this product.",positive
"The quality is excellent and the product is easy to maintain.",positive
"This product has been a great investment.",positive
"I am very satisfied with its performance over time.",positive
"The product works efficiently and saves effort.",positive
"I am happy with the purchase and its overall quality.",positive
"The product has proven to be reliable and durable.",positive
"I would definitely choose this product again.",positive
"The product performs very well even with frequent use.",positive
"I am completely satisfied with the experience.",positive
"This product is a pleasure to use.",positive
"The product is far below the quality I expected.",negative
"I am disappointed with how poorly this product performs.",negative
"The product has stopped working several times.",negative
"The quality is unacceptable for the price.",negative
"I would not recommend this product based on my experience.",negative
"The product feels fragile and poorly constructed.",negative
"I have had constant problems with this product.",negative
"The product did not perform as promised.",negative
"I am very disappointed with the overall quality.",negative
"The item stopped working shortly after delivery.",negative
"The product is frustrating and difficult to operate.",negative
"I feel that I wasted my money on this purchase.",negative
"The performance has been consistently disappointing.",negative
"The product is poorly designed and inefficient.",negative
"I received a product that was already damaged.",negative
"The quality is much worse than I expected.",negative
"The product is unreliable and frequently malfunctions.",negative
"I regret choosing this product.",negative
"The product does not provide good value for money.",negative
"The item feels cheap and poorly manufactured.",negative
"I am unhappy with the performance of this product.",negative
"The product failed after only a small amount of use.",negative
"The design makes the product unnecessarily difficult to use.",negative
"I expected better results from such an expensive product.",negative
"The product is disappointing in almost every way.",negative
"I cannot depend on this product to work properly.",negative
"The product arrived with visible defects.",negative
"The quality does not match the description at all.",negative
"This purchase has been a frustrating experience.",negative
"The product performs poorly under normal conditions.",negative
"I am not happy with the quality of this item.",negative
"The product is overpriced considering its poor performance.",negative
"The item became defective after only a few uses.",negative
"I would definitely not buy this product again.",negative
"The product has failed to meet my expectations.",negative
"The performance is inconsistent and unreliable.",negative
"I am disappointed by how cheaply the product feels.",negative
"The product is difficult to maintain and use.",negative
"The item was damaged when it arrived.",negative
"I have experienced several failures while using this product.",negative
"The product is not suitable for regular use.",negative
"I am very dissatisfied with the results.",negative
"The product does not work well enough for my needs.",negative
"The quality is disappointing for a product at this price.",negative
"I wish I had chosen a different product.",negative
"The product has been more trouble than it is worth.",negative
"I cannot recommend this item because of its poor quality.",negative
"The product is unreliable and poorly constructed.",negative
"The item stopped working without any warning.",negative
"I am extremely unhappy with this purchase.",negative
"The product did not meet the advertised standards.",negative
"The performance is weak and disappointing.",negative
"The product is difficult to use and lacks basic reliability.",negative
"I expected much more from this product.",negative
"The item is defective and needs to be replaced.",negative
"The product has several serious design problems.",negative
"I am disappointed with both the quality and performance.",negative
"The product is not nearly as good as it appears.",negative
"This item was a poor choice for my needs.",negative
"The product has not worked properly since I received it.",negative
"I have had a frustrating experience with this product.",negative
"The product is not durable enough for regular use.",negative
"The quality feels extremely low.",negative
"The item broke much sooner than expected.",negative
"I am unhappy with the value this product provides.",negative
"The product does not justify its price.",negative
"The performance is worse than the product description suggests.",negative
"I would advise others to avoid this product.",negative
"The product has been unreliable from the beginning.",negative
"The item is poorly made and does not feel durable.",negative
"I am disappointed with the results after using it.",negative
"The product requires too much effort to operate.",negative
"The quality is simply not good enough.",negative
"I cannot depend on this product for important tasks.",negative
"The product has caused repeated problems.",negative
"I am dissatisfied with the design and functionality.",negative
"The item did not arrive in acceptable condition.",negative
"The product is much less effective than expected.",negative
"The performance has been poor from the start.",negative
"I am not satisfied with this purchase.",negative
"The product is difficult to use and frequently malfunctions.",negative
"The quality is poor and the product feels unreliable.",negative
"I would not spend money on this product again.",negative
"The item failed before I could properly use it.",negative
"The product is disappointing considering the positive description.",negative
"I am frustrated by the number of issues with this product.",negative
"The product is not durable and breaks easily.",negative
"The overall quality is very disappointing.",negative
"The product does not deliver the expected results.",negative
"I received an item that was clearly defective.",negative
"The product is poorly manufactured.",negative
"I am unhappy with the purchase and its performance.",negative
"The product is not worth the amount I paid.",negative
"I expected a reliable product but received the opposite.",negative
"The item is difficult to operate and frequently fails.",negative
"The product has been a constant source of frustration.",negative
"I am very disappointed by the lack of quality.",negative
"The product performs poorly and feels cheaply made.",negative
"I would not recommend this product to anyone.",negative
"The purchase was disappointing from the beginning.",negative
"The product is unreliable and does not meet my needs.",negative
"The product is reasonably good for basic use.",neutral
"The quality is about average for this price range.",neutral
"The product works, but there is nothing exceptional about it.",neutral
"I have used the product several times and it performs normally.",neutral
"The design is simple and serves its purpose.",neutral
"The product meets my basic expectations.",neutral
"The overall experience has been fairly ordinary.",neutral
"The product is acceptable for occasional use.",neutral
"The performance is reasonable but not outstanding.",neutral
"The quality is satisfactory for the price.",neutral
"I have not noticed any major problems so far.",neutral
"The product is functional and easy enough to use.",neutral
"The design is practical but fairly basic.",neutral
"The product performs its main functions adequately.",neutral
"I have mixed opinions about this product.",neutral
"The product is neither impressive nor disappointing.",neutral
"The features are useful but fairly common.",neutral
"The quality is acceptable, although it could be improved.",neutral
"The product seems suitable for simple tasks.",neutral
"The performance is about what I expected.",neutral
"The product is fine for normal everyday use.",neutral
"I have used it for a short time and it seems acceptable.",neutral
"The product is average in terms of design and performance.",neutral
"The product does what it needs to do.",neutral
"The quality is reasonable but not exceptional.",neutral
"The product is fairly easy to operate.",neutral
"I have not formed a strong opinion about the product yet.",neutral
"The product works adequately under normal conditions.",neutral
"The design is ordinary but functional.",neutral
"The product provides the basic features I need.",neutral
"The performance is satisfactory for occasional use.",neutral
"The product is acceptable considering its price.",neutral
"I have experienced both advantages and disadvantages with this product.",neutral
"The product seems fine for its intended purpose.",neutral
"The overall quality is average.",neutral
"The product is useful, although it has some limitations.",neutral
"The performance is neither particularly strong nor weak.",neutral
"The product arrived as expected and appears functional.",neutral
"The design is straightforward and practical.",neutral
"I think the product is adequate for basic needs.",neutral
"The product works normally without any major issues.",neutral
"The quality is decent but not remarkable.",neutral
"The product is suitable for people with simple requirements.",neutral
"The performance is acceptable for everyday tasks.",neutral
"The product has several useful features but nothing unusual.",neutral
"The overall experience has been neutral so far.",neutral
"The product is fairly standard compared with similar products.",neutral
"I have not noticed anything particularly impressive.",neutral
"The product is usable but could benefit from some improvements.",neutral
"The quality seems acceptable after initial use.",neutral
"The product performs as expected most of the time.",neutral
"The design is basic but does not cause any problems.",neutral
"The product is reasonably priced for what it offers.",neutral
"I would describe the performance as average.",neutral
"The product meets some expectations but not all of them.",neutral
"The quality is neither excellent nor poor.",neutral
"The product is functional enough for routine use.",neutral
"The features are useful, but they are fairly limited.",neutral
"The product has performed normally since I bought it.",neutral
"The overall design is practical and uncomplicated.",neutral
"The product is okay, but it does not stand out.",neutral
"The performance is adequate for simple tasks.",neutral
"I have not encountered any serious problems with it.",neutral
"The product seems appropriate for its intended use.",neutral
"The quality is fair considering the price.",neutral
"The product is simple and reasonably functional.",neutral
"The performance is satisfactory but could be better.",neutral
"The product is acceptable for someone with basic needs.",neutral
"The design is not impressive, but it is practical.",neutral
"The product works well enough under normal conditions.",neutral
"I have found the product to be fairly average.",neutral
"The product offers basic functionality at a reasonable price.",neutral
"The quality is acceptable for occasional use.",neutral
"The product is neither particularly easy nor difficult to use.",neutral
"The performance is consistent enough for everyday tasks.",neutral
"The product is fine, although there is room for improvement.",neutral
"The overall quality is reasonable.",neutral
"The product is functional but lacks advanced features.",neutral
"I have used the product for several days and it seems fine.",neutral
"The product has both useful features and minor limitations.",neutral
"The performance is about average compared with similar products.",neutral
"The product is adequate but not particularly impressive.",neutral
"The design is simple and does not require much effort to understand.",neutral
"The product meets the basic requirements I had.",neutral
"I am reasonably satisfied, although I expected slightly more.",neutral
"The product has worked as expected so far.",neutral
"The quality is acceptable but could be improved.",neutral
"The product is suitable for basic everyday activities.",neutral
"The overall experience has been neither positive nor negative.",neutral
"The product is fairly ordinary in terms of performance.",neutral
"The features work as intended.",neutral
"The product arrived in normal condition.",neutral
"The performance is adequate for its intended purpose.",neutral
"The product is useful but not particularly impressive.",neutral
"I have not experienced anything unusual while using it.",neutral
"The product is acceptable for the price.",neutral
"The quality and performance are both fairly average.",neutral
"The product is simple, functional, and ordinary.",neutral
"Overall, I would describe this product as satisfactory.",neutral
"The product performs its basic functions without difficulty.",neutral
"The experience has been fairly normal so far.",neutral
"The product is okay for what I need it to do.",neutral
"I am genuinely pleased with the quality of this product.",positive
"The product has worked exceptionally well for me.",positive
"I am impressed by how reliable this product has been.",positive
"This purchase was exactly what I was looking for.",positive
"The product is well made and performs consistently.",positive
"I have been very happy with the results.",positive
"The product is convenient and extremely easy to use.",positive
"I would definitely purchase this product again.",positive
"The quality is excellent and the performance is reliable.",positive
"This product has been a great investment for me.",positive
"I am very satisfied with the way this product performs.",positive
"The product is durable and handles regular use very well.",positive
"I was pleasantly surprised by the quality.",positive
"The product has made my everyday tasks much easier.",positive
"I am pleased with how well the product has performed over time.",positive
"The product is efficient and delivers consistent results.",positive
"I have had an excellent experience with this product.",positive
"The product is well designed and very practical.",positive
"I am impressed by the attention to detail.",positive
"This product provides everything I expected and more.",positive
"The product is easy to operate and works reliably.",positive
"I am very happy with this purchase.",positive
"The product has proven to be dependable.",positive
"The performance is excellent even after frequent use.",positive
"I would recommend this product to anyone who values quality.",positive
"The product is sturdy and feels very durable.",positive
"I am extremely pleased with the overall performance.",positive
"This product offers impressive quality at a reasonable price.",positive
"I have experienced no problems with this product.",positive
"The product is exactly as described and works perfectly.",positive
"I am very satisfied with the design and functionality.",positive
"The product has been a reliable part of my daily routine.",positive
"I really like how simple and effective this product is.",positive
"The quality exceeded my expectations.",positive
"I am happy with how quickly the product performs.",positive
"This product is convenient, dependable, and easy to maintain.",positive
"I would confidently recommend this product.",positive
"The product has been excellent from the first day.",positive
"I am pleased with how well it handles regular use.",positive
"The product is worth the price because of its excellent quality.",positive
"I have found this product extremely useful.",positive
"The overall experience has been very positive.",positive
"The product works smoothly and efficiently every time.",positive
"I am impressed with the value this product offers.",positive
"This product has performed better than I expected.",positive
"I am happy with both the appearance and performance.",positive
"The product is practical and delivers excellent results.",positive
"I have no regrets about buying this product.",positive
"The product is reliable enough for demanding daily use.",positive
"I am very pleased with the materials and construction.",positive
"This is a product I would happily recommend.",positive
"The product has exceeded my expectations for durability.",positive
"I am satisfied with every aspect of the purchase.",positive
"The product is effective and easy to handle.",positive
"I appreciate how well the product has been designed.",positive
"The product feels durable and performs extremely well.",positive
"I am delighted with the quality of this purchase.",positive
"The product has made a noticeable improvement in my routine.",positive
"I would happily buy this product again in the future.",positive
"The performance has been excellent from the beginning.",positive
"I am very pleased with how dependable this product is.",positive
"The product is attractive as well as functional.",positive
"I have received excellent results from this product.",positive
"The product is straightforward to use and highly effective.",positive
"I am impressed by the consistency of its performance.",positive
"This product is a very good choice for everyday use.",positive
"I am happy that the product performs exactly as promised.",positive
"The product is strong, reliable, and well constructed.",positive
"I have been completely satisfied with this product.",positive
"The quality is outstanding compared with similar products.",positive
"This purchase has been well worth the money.",positive
"The product works efficiently and saves me time.",positive
"I am pleased with how easy the product is to maintain.",positive
"The product has remained reliable after repeated use.",positive
"I would recommend it without hesitation.",positive
"The product is comfortable to use and performs very well.",positive
"I am impressed by the overall build quality.",positive
"This product has been better than I originally expected.",positive
"I am very happy with its long-term performance.",positive
"The product provides excellent results with very little effort.",positive
"I am pleased with how smoothly the product operates.",positive
"The product is useful, dependable, and well designed.",positive
"I am extremely satisfied with this purchase.",positive
"The product has performed flawlessly so far.",positive
"I think this product is an excellent value.",positive
"The quality and performance are both impressive.",positive
"I am happy with the reliability of this product.",positive
"The product has been a great addition to my home.",positive
"I am pleased with the overall user experience.",positive
"The product is durable enough for regular use.",positive
"I would recommend this product based on its excellent performance.",positive
"The product is easy to understand and operate.",positive
"I have been impressed by how little maintenance it requires.",positive
"The product delivers excellent performance every time.",positive
"I am glad I decided to purchase this product.",positive
"The product is efficient and dependable.",positive
"I am very satisfied with the results it provides.",positive
"This product has proven to be a smart purchase.",positive
"The overall quality is better than expected.",positive
"I would happily choose this product again.",positive
"The product has performed reliably throughout my use.",positive
"I am very pleased with the value for money.",positive
"This product is an excellent combination of quality and performance.",positive
"I am deeply disappointed by the quality of this product.",negative
"The product has not performed as expected.",negative
"I have experienced repeated problems with this item.",negative
"The product feels much cheaper than it looks.",negative
"I would not recommend this product based on my experience.",negative
"The item stopped functioning after very little use.",negative
"The quality is disappointing for the amount of money I paid.",negative
"This product has been unreliable from the start.",negative
"I am unhappy with the overall performance.",negative
"The product is difficult to operate and poorly designed.",negative
"I expected much better results from this product.",negative
"The item arrived damaged and was not usable.",negative
"The product has failed several times during normal use.",negative
"I regret spending money on this purchase.",negative
"The performance is inconsistent and frustrating.",negative
"The product does not meet the standards described by the seller.",negative
"I am disappointed with both the quality and design.",negative
"The product is far too expensive for its quality.",negative
"I cannot rely on this product to work properly.",negative
"The item feels weak and poorly constructed.",negative
"This product has caused me nothing but problems.",negative
"I am very dissatisfied with this purchase.",negative
"The product stopped working much sooner than expected.",negative
"The quality is far below what was advertised.",negative
"I would avoid buying this product again.",negative
"The product is inefficient and difficult to use.",negative
"I am disappointed by the lack of durability.",negative
"The product does not provide good value for money.",negative
"The item was defective when I received it.",negative
"I expected a much more reliable product.",negative
"The product is poorly made and does not last.",negative
"I am frustrated by how often this product malfunctions.",negative
"The performance is disappointing considering the price.",negative
"The product is not suitable for regular use.",negative
"I am unhappy with the results I have received.",negative
"The product has several problems that should have been fixed.",negative
"The item became unusable after a few weeks.",negative
"I would not recommend spending money on this product.",negative
"The product is difficult to maintain and operate.",negative
"I am disappointed with the overall experience.",negative
"The quality feels extremely low.",negative
"The product does not perform its basic functions properly.",negative
"I wish I had purchased a different product.",negative
"The item is unreliable and breaks too easily.",negative
"I am not satisfied with the performance at all.",negative
"The product is overpriced and poorly constructed.",negative
"The product has not worked correctly since delivery.",negative
"I received a defective item and had to contact support.",negative
"The product is much worse than I expected.",negative
"I cannot recommend this product to other customers.",negative
"The product is frustrating to use on a daily basis.",negative
"The quality does not justify the price.",negative
"I am disappointed by how quickly the product failed.",negative
"The product is poorly designed and lacks reliability.",negative
"The item arrived in poor condition.",negative
"I have had an unpleasant experience with this purchase.",negative
"The product has not provided the results I expected.",negative
"The performance is weak and inconsistent.",negative
"I am very unhappy with the durability of this product.",negative
"The product is not worth the amount I paid.",negative
"The item broke after only a few uses.",negative
"I expected better quality from this brand.",negative
"The product is unreliable and difficult to operate.",negative
"I am disappointed with the materials used.",negative
"The product has been a constant source of frustration.",negative
"The performance is significantly below expectations.",negative
"I would not purchase this product again.",negative
"The item does not function as described.",negative
"I am unhappy with the overall design.",negative
"The product feels poorly manufactured.",negative
"The quality is unacceptable for everyday use.",negative
"The product has repeatedly failed during normal operation.",negative
"I regret choosing this product over other options.",negative
"The product is less useful than the description suggested.",negative
"I am disappointed with how cheaply it was made.",negative
"The product has not been reliable at all.",negative
"The item stopped working without any warning.",negative
"I am dissatisfied with the value this product provides.",negative
"The product is difficult to use and lacks useful instructions.",negative
"The quality is disappointing despite the high price.",negative
"I would strongly advise against purchasing this item.",negative
"The product has several obvious defects.",negative
"I have had far too many issues with this product.",negative
"The performance is poor and the product feels fragile.",negative
"I am unhappy with the purchase and its results.",negative
"The product failed shortly after I started using it.",negative
"The quality is much lower than I expected.",negative
"The product is not dependable enough for regular use.",negative
"I am frustrated with the poor performance.",negative
"The item does not seem durable at all.",negative
"The product has been a disappointing purchase.",negative
"I would not choose this product again.",negative
"The product is expensive but performs poorly.",negative
"The item was not in acceptable condition when it arrived.",negative
"I am disappointed with how little value it provides.",negative
"The product is difficult to use and frequently fails.",negative
"The overall experience has been very disappointing.",negative
"The product does not meet my needs.",negative
"I received poor quality for the price I paid.",negative
"The product has not lived up to its promises.",negative
"I am very unhappy with the reliability of this item.",negative
"This product was not a good purchase.",negative
"I am very pleased with how well this product performs.",positive
"The product has been reliable and easy to use.",positive
"I am extremely happy with the quality of this purchase.",positive
"This product works better than I originally expected.",positive
"The performance has been excellent throughout my use.",positive
"I would definitely recommend this product to others.",positive
"The product is well made and provides excellent results.",positive
"I am impressed with the durability of this product.",positive
"This has been one of my most satisfying purchases.",positive
"The product is efficient, dependable, and practical.",positive
"I am very happy with the overall performance.",positive
"The quality is excellent and the product feels durable.",positive
"I have had a great experience using this product.",positive
"The product is easy to operate and works consistently.",positive
"I am pleased with the value this product provides.",positive
"This product has exceeded my expectations.",positive
"I would happily purchase this product again.",positive
"The product is reliable even after frequent use.",positive
"I am very satisfied with the design and quality.",positive
"The product delivers excellent performance for its price.",positive
"I am impressed by how smoothly the product works.",positive
"The product has been a great addition to my daily routine.",positive
"I have no complaints about the product so far.",positive
"The quality is better than I expected.",positive
"I am pleased with the results I have received.",positive
"This is a dependable product that I would recommend.",positive
"The product is convenient and performs very well.",positive
"I am extremely satisfied with my purchase.",positive
"The product feels strong and well constructed.",positive
"I am happy with how easy this product is to use.",positive
"The overall experience has been excellent.",positive
"The product performs reliably every time I use it.",positive
"I would confidently recommend this product to my friends.",positive
"The product is practical and offers excellent performance.",positive
"I am delighted with the quality of this product.",positive
"This product has been worth every penny.",positive
"The product works exactly as promised.",positive
"I am very satisfied with its long-term performance.",positive
"The design is attractive and the product is functional.",positive
"I am glad I decided to buy this product.",positive
"The product has performed flawlessly so far.",positive
"I am pleased with the quality of the materials.",positive
"This is an excellent product for everyday use.",positive
"I am impressed with its reliability and durability.",positive
"The product makes my daily tasks much easier.",positive
"I would gladly choose this product again.",positive
"The performance is consistent and impressive.",positive
"I am very happy with this purchase.",positive
"The product provides excellent value for money.",positive
"I have been completely satisfied with the product.",positive
"The product is suitable for basic everyday use.",neutral
"The quality is reasonable for the price.",neutral
"The product works as expected without any major issues.",neutral
"The design is simple and functional.",neutral
"The performance is average compared with similar products.",neutral
"I have used the product several times and it seems fine.",neutral
"The product meets my basic requirements.",neutral
"The quality is acceptable, although it could be better.",neutral
"The product is neither impressive nor disappointing.",neutral
"The performance is satisfactory for normal use.",neutral
"The product is fairly easy to operate.",neutral
"I have not noticed any serious problems so far.",neutral
"The design is practical but fairly ordinary.",neutral
"The product does its basic job adequately.",neutral
"The quality is about what I expected.",neutral
"The product is fine for occasional use.",neutral
"The performance is reasonable but not exceptional.",neutral
"The product has some useful features and some limitations.",neutral
"I have mixed feelings about this product.",neutral
"The product arrived in good condition and appears functional.",neutral
"The overall quality is average.",neutral
"The product is acceptable for its intended purpose.",neutral
"The design is basic but works well enough.",neutral
"The product performs normally under regular conditions.",neutral
"The features are useful but fairly standard.",neutral
"The product is usable but could be improved.",neutral
"The performance is adequate for the price.",neutral
"I have not used the product long enough to form a strong opinion.",neutral
"The product works, but it does not stand out.",neutral
"The quality is fair considering the price.",neutral
"The product provides basic functionality.",neutral
"The overall experience has been fairly average.",neutral
"The product is functional and reasonably easy to use.",neutral
"The performance is neither particularly good nor bad.",neutral
"The product is acceptable for simple tasks.",neutral
"The design is straightforward and practical.",neutral
"I have not noticed anything unusual about the product.",neutral
"The product is fine for what I currently need.",neutral
"The quality and performance are both satisfactory.",neutral
"The product has performed as expected so far.",neutral
"The features work as intended.",neutral
"The product is average but usable.",neutral
"The performance is acceptable under normal conditions.",neutral
"The product is reasonably priced for its features.",neutral
"The overall design is simple and functional.",neutral
"The product is suitable for someone with basic needs.",neutral
"I am neither impressed nor disappointed with this purchase.",neutral
"The product has both positive and negative aspects.",neutral
"The quality is neither excellent nor poor.",neutral
"Overall, the product is satisfactory.",neutral